{"0GUSDT": 0.6382, "1000000BABYDOGEUSDT": 0.0003914, "1000000CHEEMSUSDT": 0.4797, "1000000MOGUSDT": 0.17173, "10000QUBICUSDT": 0.004909, "10000SATSUSDT": 0.000114, "1000BONKPERP": 0.006282, "1000BONKUSDT": 0.006297, "1000BTTUSDT": 0.0003414, "1000CATUSDT": 0.0018296, "1000FLOKIUSDT": 0.03101, "1000LUNCUSDT": 0.03452, "1000NEIROCTOPERP": 0.07518, "1000NEIROCTOUSDT": 0.07511, "1000PEPEPERP": 0.00427, "1000PEPEUSDT": 0.004277, "1000RATSUSDT": 0.04881, "1000TAGUSDT": 0.388, "1000TOSHIUSDT": 0.21389, "1000TURBOUSDT": 1.0807, "1000XECUSDT": 0.007973, "1INCHUSDT": 0.09305, "2ZUSDT": 0.07585, "4USDT": 0.008999, "A2ZUSDT": 0.0009108, "AAVEPERP": 124.94, "AAVEUSDT": 124.83, "ACEUSDT": 0.17891, "ACHUSDT": 0.007668, "ACTUSDT": 0.01486, "ACUUSDT": 0.10666, "ACXUSDT": 0.03643, "ADAUSDT": 0.2781, "AERGOUSDT": 0.05606, "AEROUSDT": 0.3116, "AEVOPERP": 0.02778, "AEVOUSDT": 0.02769, "AGIUSDT": 0.011278, "AGLDUSDT": 0.22187, "AINUSDT": 0.03374, "AIOUSDT": 0.07454, "AIOZUSDT": 0.07414, "AIXBTUSDT": 0.020767, "AKEUSDT": 0.0002661, "AKTUSDT": 0.324, "ALCHUSDT": 0.0819, "ALGOUSDT": 0.09209, "ALICEUSDT": 0.10918, "ALLOUSDT": 0.09386, "ALPINEUSDT": 0.4474, "ALTUSDT": 0.008412, "ALUUSDT": 0.005013, "ANIMEUSDT": 0.005283, "ANKRUSDT": 0.004516, "APEUSDT": 0.12252, "APEXUSDT": 0.3442, "API3USDT": 0.3109, "APRUSDT": 0.09161, "APTUSDT": 0.889, "ARBPERP": 0.10949, "ARBUSDT": 0.10969, "ARCUSDT": 0.07995, "ARIAUSDT": 0.07047, "ARKMUSDT": 0.11516, "ARKUSDT": 0.19087, "ARPAUSDT": 0.009975, "ARUSDT": 2.0021, "ASPUSDT": 0.02745, "ASRUSDT": 1.4258, "ASTERPERP": 0.6948, "ASTERUSDT": 0.6948, "ASTRUSDT": 0.007635, "ATHUSDT": 0.005802, "ATOMUSDT": 2.4383, "ATUSDT": 0.16085, "AUCTIONUSDT": 5.169, "AUSDT": 0.08445, "AVAAIUSDT": 0.007576, "AVAUSDT": 0.2127, "AVAXUSDT": 8.967, "AVLUSDT": 0.04036, "AVNTUSDT": 0.19541, "AWEUSDT": 0.10305, "AXLUSDT": 0.05833, "AXSUSDT": 1.3294, "AZTECUSDT": 0.018592, "B2USDT": 0.6989, "B3USDT": 0.0004347, "BABYUSDT": 0.013707, "BANANAS31USDT": 0.004606, "BANANAUSDT": 4.461, "BANDUSDT": 0.2362, "BANKUSDT": 0.0416, "BANUSDT": 0.11778, "BARDUSDT": 0.7539, "BATUSDT": 0.12532, "BBUSDT": 0.02988, "BCHPERP": 560.7, "BCHUSDT": 560.9, "BEAMUSDT": 0.002334, "BEATUSDT": 0.21231, "BELUSDT": 0.09608, "BERAUSDT": 0.6214, "BICOUSDT": 0.02286, "BIGTIMEUSDT": 0.014865, "BIOUSDT": 0.02453, "BIRBUSDT": 0.19214, "BLASTUSDT": 0.0005618, "BLESSUSDT": 0.005222, "BLUAIUSDT": 0.005341, "BLURUSDT": 0.020792, "BMTUSDT": 0.016915, "BNBPERP": 611.9, "BNBUSDT": 612.9, "BNTUSDT": 0.2845, "BOBAUSDT": 0.02151, "BOBBOBUSDT": 0.006691, "BOMEUSDT": 0.0004202, "BRETTUSDT": 0.007561, "BREVUSDT": 0.13559, "BROCCOLIUSDT": 0.014055, "BRUSDT": 0.05155, "BSUUSDT": 0.0985, "BSVUSDT": 16.544, "BTCPERP": 66866.0, "BTCUSDT": 66893.5, "BTCUSDT-06MAR26": 66972.1, "BTCUSDT-20FEB26": 66921.5, "BTCUSDT-24APR26": 67206.0, "BTCUSDT-25DEC26": 69209.6, "BTCUSDT-25SEP26": 68769.9, "BTCUSDT-26JUN26": 67664.1, "BTCUSDT-27FEB26": 66902.3, "BTCUSDT-27MAR26": 67076.3, "BTRUSDT": 0.18641, "BUSDT": 0.13898, "C98USDT": 0.029374, "CAKEUSDT": 1.2975, "CAMPUSDT": 0.00325, "CARVUSDT": 0.06366, "CATIUSDT": 0.04008, "CCUSDT": 0.16897, "CELOUSDT": 0.08072, "CETUSUSDT": 0.016815, "CFXUSDT": 0.05341, "CGPTUSDT": 0.021617, "CHILLGUYUSDT": 0.0107, "CHRUSDT": 0.02374, "CHZUSDT": 0.03998, "CKBUSDT": 0.0016347, "CLANKERUSDT": 31.687, "CLOUDUSDT": 0.03804, "CLOUSDT": 0.08512, "COAIUSDT": 0.3308, "COMPUSDT": 18.05, "COOKIEUSDT": 0.01857, "COOKUSDT": 0.003314, "COREUSDT": 0.08541, "COTIUSDT": 0.012004, "COWUSDT": 0.20302, "CROSSUSDT": 0.10653, "CROUSDT": 0.07845, "CRVPERP": 0.248, "CRVUSDT": 0.2485, "CTCUSDT": 0.16851, "CTKUSDT": 0.20954, "CTSIUSDT": 0.02566, "CUSDT": 0.05618, "CVCUSDT": 0.03378, "CVXUSDT": 2.0228, "CYBERUSDT": 0.6611, "CYSUSDT": 0.4985, "DASHUSDT": 36.39, "DBRUSDT": 0.015424, "DEEPUSDT": 0.02908, "DEGENUSDT": 0.0006967, "DEXEUSDT": 2.3035, "DGBUSDT": 0.004062, "DIAUSDT": 0.1973, "DODOUSDT": 0.015494, "DOGEPERP": 0.09916, "DOGEUSDT": 0.09923, "DOGEUSDT-06MAR26": 0.09959, "DOGEUSDT-20FEB26": 0.09871, "DOGEUSDT-27FEB26": 0.09928, "DOGEUSDT-27MAR26": 0.10037, "DOGUSDT": 0.0009455, "DOLOUSDT": 0.03717, "DOODUSDT": 0.003608, "DOTPERP": 1.3289, "DOTUSDT": 1.3315, "DRIFTUSDT": 0.08945, "DUSKUSDT": 0.09846, "DYDXUSDT": 0.10531, "DYMUSDT": 0.04463, "EDENUSDT": 0.03443, "EDUUSDT": 0.12808, "EGLDUSDT": 4.57, "EIGENPERP": 0.20366, "EIGENUSDT": 0.20248, "ELSAUSDT": 0.07728, "ENAPERP": 0.11669, "ENAUSDT": 0.11695, "ENJUSDT": 0.02086, "ENSOUSDT": 1.1833, "ENSUSDT": 6.76, "EPICUSDT": 0.2936, "ERAUSDT": 0.15896, "ESPORTSUSDT": 0.37237, "ESPUSDT": 0.08257, "ESUSDT": 0.11547, "ETCPERP": 8.552, "ETCUSDT": 8.56, "ETHBTCUSDT": 0.029431, "ETHFIPERP": 0.4696, "ETHFIUSDT": 0.4698, "ETHPERP": 1967.17, "ETHUSDT": 1967.9, "ETHUSDT-06MAR26": 1971.39, "ETHUSDT-20FEB26": 1968.81, "ETHUSDT-24APR26": 1974.16, "ETHUSDT-25DEC26": 2024.61, "ETHUSDT-25SEP26": 2004.9, "ETHUSDT-26JUN26": 1989.58, "ETHUSDT-27FEB26": 1959.0, "ETHUSDT-27MAR26": 1976.04, "EULUSDT": 0.9309, "EVAAUSDT": 0.4854, "FARTCOINPERP": 0.18683, "FARTCOINUSDT": 0.18812, "FFUSDT": 0.0805, "FHEUSDT": 0.04147, "FIDAUSDT": 0.019353, "FIGHTUSDT": 0.006504, "FILPERP": 0.9554, "FILUSDT": 0.9461, "FIOUSDT": 0.009062, "FLOCKUSDT": 0.06064, "FLOWUSDT": 0.03858, "FLRUSDT": 0.009533, "FLUIDUSDT": 2.167, "FLUXUSDT": 0.06742, "FOGOUSDT": 0.02526, "FOLKSUSDT": 1.2936, "FORMUSDT": 0.21808, "FUSDT": 0.006188, "GALAUSDT": 0.003953, "GASUSDT": 1.6381, "GIGAUSDT": 0.0022236, "GIGGLEUSDT": 30.63, "GLMUSDT": 0.17944, "GMTUSDT": 0.012334, "GMXUSDT": 6.376, "GNOUSDT": 118.33, "GOATUSDT": 0.02261, "GODSUSDT": 0.03554, "GPSUSDT": 0.014012, "GRASSUSDT": 0.19175, "GRIFFAINUSDT": 0.009332, "GRTUSDT": 0.02713, "GUNUSDT": 0.028472, "HAEDALUSDT": 0.02964, "HANAUSDT": 0.035925, "HBARPERP": 0.10001, "HBARUSDT": 0.10011, "HEIUSDT": 0.08479, "HEMIUSDT": 0.01018, "HFTUSDT": 0.017469, "HIGHUSDT": 0.14739, "HIPPOUSDT": 0.0006606, "HIVEUSDT": 0.07026, "HMSTRUSDT": 0.0001782, "HNTUSDT": 1.6025, "HOLOUSDT": 0.05896, "HOMEUSDT": 0.02755, "HOOKUSDT": 0.02543, "HPERP": 0.17078, "HPOS10IUSDT": 0.02037, "HUMAUSDT": 0.013873, "HUSDT": 0.17128, "HYPEPERP": 28.655, "HYPERUSDT": 0.10102, "HYPEUSDT": 28.855, "ICNTPERP": 0.3716, "ICNTUSDT": 0.3725, "ICPPERP": 2.318, "ICPUSDT": 2.297, "ICXUSDT": 0.03982, "IDEXUSDT": 0.006855, "IDUSDT": 0.04985, "ILVUSDT": 3.846, "IMXUSDT": 0.16466, "INITUSDT": 0.10338, "INJPERP": 3.041, "INJUSDT": 3.038, "INUSDT": 0.06089, "INXUSDT": 0.012431, "IOSTUSDT": 0.0012462, "IOTAUSDT": 0.06783, "IOTXUSDT": 0.005525, "IOUSDT": 0.11061, "IPPERP": 1.1089, "IPUSDT": 1.1163, "IRYSUSDT": 0.02568, "JASMYUSDT": 0.005839, "JCTUSDT": 0.0017691, "JELLYJELLYUSDT": 0.07421, "JSTUSDT": 0.042289, "JTOUSDT": 0.3019, "JUPUSDT": 0.15721, "KAIAUSDT": 0.05683, "KAITOUSDT": 0.3098, "KASUSDT": 0.03134, "KAVAUSDT": 0.05341, "KERNELUSDT": 0.06613, "KGENUSDT": 0.17233, "KITEUSDT": 0.2278, "KMNOUSDT": 0.02889, "KNCUSDT": 0.13813, "KSMUSDT": 4.686, "L3USDT": 0.007766, "LABUSDT": 0.15088, "LAUSDT": 0.20988, "LDOUSDT": 0.3333, "LIGHTUSDT": 0.2555, "LINEAUSDT": 0.00363, "LINKPERP": 8.647, "LINKUSDT": 8.678, "LISTAUSDT": 0.09049, "LITUSDT": 1.5175, "LPTUSDT": 2.388, "LQTYUSDT": 0.2832, "LRCUSDT": 0.03365, "LSKUSDT": 0.14462, "LTCPERP": 53.35, "LTCUSDT": 53.78, "LUMIAUSDT": 0.06559, "LUNA2USDT": 0.06682, "LYNUSDT": 0.2639, "MAGICUSDT": 0.07198, "MAGMAUSDT": 0.0978, "MANAUSDT": 0.09971, "MANTAUSDT": 0.0755, "MASKUSDT": 0.4589, "MAVIAUSDT": 0.03575, "MAVUSDT": 0.016506, "MBOXUSDT": 0.020396, "MEGAUSDT": 0.12817, "MELANIAUSDT": 0.12008, "MEMEUSDT": 0.00069, "MERLUSDT": 0.05775, "METISUSDT": 3.605, "METUSDT": 0.20995, "MEUSDT": 0.13282, "MEWUSDT": 0.0006151, "MINAUSDT": 0.06609, "MIRAUSDT": 0.09249, "MITOUSDT": 0.04494, "MLNUSDT": 3.602, "MMTUSDT": 0.13392, "MNTPERP": 0.6177, "MNTUSDT": 0.6181, "MNTUSDT-06MAR26": 0.6202, "MNTUSDT-20FEB26": 0.6212, "MNTUSDT-27FEB26": 0.6167, "MNTUSDT-27MAR26": 0.6201, "MOCAUSDT": 0.016857, "MONUSDT": 0.020203, "MOODENGPERP": 0.05877, "MOODENGUSDT": 0.05876, "MORPHOUSDT": 1.4419, "MOVEUSDT": 0.02432, "MOVRUSDT": 1.413,